"class	files",
"blue jay	01a10dc61f3bd808.jpg",
"blue jay	0476299cbf283181.jpg",
"blue jay	04ea8c86a8a1d768.jpg",
"blue jay	051caeb5fe730fc9.jpg",
"blue jay	09b4cf30a140266e.jpg",
"blue jay	0a4ffad5e0967cfa.jpg",
"blue jay	12512d4dd6caae87.jpg",
"blue jay	137f596612263bbf.jpg",
"blue jay	1f91886f3341519d.jpg",
"blue jay	249d70ad0f1f09b6.jpg",
"blue jay	2c1372607a1ea378.jpg",
"blue jay	2cdde11a66136f27.jpg",
"blue jay	2ee17d0131c5eb77.jpg",
"blue jay	2fabb6a18a0ff822.jpg",
"blue jay	30db110a472b836c.jpg",
"blue jay	33a3e33281a81e88.jpg",
"blue jay	4c38f3b490c9ce96.jpg",
"blue jay	4ff276c303748451.jpg",
"blue jay	5aad0c78b2119ffa.jpg",
"blue jay	5f2dfa9b2a924c91.jpg",
"blue jay	67f4415b29ec468a.jpg",
"blue jay	7aa38cea74ce670b.jpg",
"blue jay	7e0eb09befb2746e.jpg",
"blue jay	816521d1133a0971.jpg",
"blue jay	83b6fd0c0ed9e06e.jpg",
"blue jay	84f7e4b05592b62b.jpg",
"blue jay	872adcca0d15c8c3.jpg",
"blue jay	8d3f751d8d5883b8.jpg",
"blue jay	8e62bd85de28851b.jpg",
"blue jay	9ae6deb0ef760e06.jpg",
"blue jay	9b648c26b7feb42b.jpg",
"blue jay	a36454c930049507.jpg",
"blue jay	aed61ec79e56a652.jpg",
"blue jay	b136d6639780e4ad.jpg",
"blue jay	b7c9fcf5527dbd26.jpg",
"blue jay	bb7d180d11dbad1b.jpg",
"blue jay	bd2a41142d4d361f.jpg",
"blue jay	c3d56e346da44e07.jpg",
"blue jay	c6783cfb2b40c503.jpg",
"blue jay	e24f14f449593ff0.jpg",
hammer,01df25d88b117494.jpg
hammer,02f56acec75ee0ac.jpg
hammer,0332c2e0c3e85419.jpg
hammer,04da7971353f617c.jpg
hammer,09b57aef25b2d0f5.jpg
hammer,0d3a194991fa3390.jpg
hammer,0e5e705f8f327d1e.jpg
hammer,0e7016a51f459667.jpg
hammer,0eee0c084911664d.jpg
hammer,0f58aed2a27793c9.jpg
hammer,15cc13ae517da343.jpg
hammer,195c2b651c8e8ccc.jpg
hammer,1979fab9df9dd432.jpg
hammer,1a004eaf5b26ac1b.jpg
hammer,1c1ab163c206c197.jpg
hammer,1e9bd66f98a98b3d.jpg
hammer,2746d681e73c3f9b.jpg
hammer,2aac4a837b564b52.jpg
hammer,2bdffd9e601d1d5e.jpg
hammer,342278d763773a58.jpg
hammer,3531378410cdd1f8.jpg
hammer,36421a59c439851a.jpg
hammer,3dcc008ebebc6374.jpg
hammer,481363cc7e703136.jpg
hammer,4dda68611d5a1cd2.jpg
hammer,5292de36c6093cae.jpg
hammer,5302e812350db50b.jpg
hammer,5559472fb2ffd4e6.jpg
hammer,55720524117c0fc4.jpg
hammer,55d837849f466191.jpg
hammer,5d859ad0846ae99a.jpg
hammer,5ff6f97556212b72.jpg
hammer,68bf463e4d9d1383.jpg
hammer,6920a1bf738b5b43.jpg
hammer,75d27a76c8e19b09.jpg
hammer,8d3782a676618f95.jpg
hammer,8f0dfa96ce7d8d10.jpg
hammer,9b0305b4a4da5898.jpg
hammer,9c13112091f72f7e.jpg
hammer,9f7a8ebb157c8d64.jpg
hammer,a0ce7a8030c7c819.jpg
hammer,a4aa1e0a3af42b26.jpg
hammer,aa33ac255e598f8f.jpg
hammer,ad86d310d42759b4.jpg
hammer,b7d8a716418da0f7.jpg
hammer,beeeab1b6768f8fc.jpg
hammer,c56ee63069374df9.jpg
hammer,c8263f3a03287a67.jpg
hammer,ce009759bc891fc1.jpg
hammer,d4ab7fd97ab9ac5a.jpg
hammer,e40f63ac8bfda2bf.jpg
hammer,f2db496ec5d0ef08.jpg
hammer,f69928fbb02a047a.jpg
